<configuration>
    <appender name = "myConsoleAppender" class = "ch.qos.logback.core.ConsoleAppender">
        <encoder>
            <pattern>
                %d{yy-MM-dd HH:mm:ss.SSS} [%thread] %-5level %logger{36} ------    %msg    %n
            </pattern>
        </encoder>
    </appender>

    <appender name = "myFileAppender" class = "ch.qos.logback.core.rolling.RollingFileAppender">
        <!-- This is the path for the currently active log file -->
        <file>logs/journalApp.log</file>

        <rollingPolicy class = "ch.qos.logback.core.rolling.SizeAndTimeBasedRollingPolicy">
            <!-- This is the path for the archived log files -->
            <fileNamePattern>logs/journalApp-%d{yy-MM-dd_HH-mm}.%i.log</fileNamePattern>
            <maxFileSize>10MB</maxFileSize>
            <maxHistory>10</maxHistory>
        </rollingPolicy>

        <encoder>
            <pattern>
                %d{yy-MM-dd HH:mm:ss.SSS} [%thread] %-5level %logger{36} ------    %msg    %n
            </pattern>
        </encoder>
    </appender>

    <root level = "INFO">
        <appender-ref ref="myConsoleAppender" />
        <appender-ref ref="myFileAppender" />
    </root>
</configuration>

